{
  "main": {
    "temp": 18.86982972653663,
    "humidity": 63.22849013931774,
    "pressure": 1009.3388878767826
  },
  "wind": {
    "speed": 4.286419849920801
  }
}